election_id,election,candidate_id,選舉類型,擬參選人,個人捐贈收入,營利事業捐贈收入,政黨捐贈收入,人民團體捐贈收入,匿名捐贈收入,其他收入,人事費用支出,宣傳支出,租用宣傳車輛支出,租用競選辦事處支出,集會支出,交通旅運支出,雜支支出,返還捐贈支出,繳庫支出,公共關係費用支出
55086515-7ac8-4ef6-9e8a-23aa6ab936af,"2016-01 > 立法委員 > 臺北市 > 第01選區[區域]",550c640c-2b3c-4e09-abfb-025cacb5b862,105年立法委員,丁守中,23239699,19499800,5200000,1652000,1000,11236,4070045,14628792,35142,520000,428700,40511,2012258,1350000,0,891320
5508641c-f4e0-4b63-8354-28956ab936af,"2016-01 > 立法委員 > 全國[山原]",56002417-30b0-4385-8b50-46a36ab936af,105年立法委員,伊藍．明基努安,0,20000,0,0,4100,0,0,0,0,24100,25000,0,0,0,0,0
55086526-97a0-4c1e-be70-28956ab936af,"2016-01 > 立法委員 > 臺北市 > 第04選區[區域]",55180b22-9e4c-4bc2-8917-0c5a6ab936af,105年立法委員,何偉,782900,20000,0,0,3000,191,806091,1005828,240000,0,0,55880,3280,3000,0,0
550865d1-7764-44a5-a4a2-23aa6ab936af,"2016-01 > 立法委員 > 臺中市 > 第07選區[區域]",550c640c-f520-4a15-9260-025cacb5b862,105年立法委員,何欣純,22447010,8893000,0,0,2433,5622528,9711490,1111906,822325,5512428,758279,0,921986,0,362000,658233
5508677e-0984-4ddb-9f47-2f916ab936af,"2016-01 > 立法委員 > 澎湖縣 > 第01選區[區域]",559c7266-1998-4c91-a61f-5f426ab936af,105年立法委員,冼義哲,223490,0,0,0,7013,17,46033,10900,0,7351,225040,230520,0,0,0,0
55086635-833c-4733-88d2-23d86ab936af,"2016-01 > 立法委員 > 高雄市 > 第03選區[區域]",550da514-14e0-4b27-ba00-1b7f6ab936af,105年立法委員,劉世芳,20953998,13070000,0,622000,31100,11272,5880420,18691461,0,280000,2348937,950000,240437,3762231,0,621651
5508670d-5054-400f-b13f-28956ab936af,"2016-01 > 立法委員 > 雲林縣 > 第02選區[區域]",550c640c-276c-497a-ae26-025cacb5b862,105年立法委員,劉建國,13466366,4179000,0,13010,834,198260,17779210,5110167,245571,120000,3062176,320000,125574,1128561,0,274161
550866b8-0268-44dd-a911-28956ab936af,"2016-01 > 立法委員 > 苗栗縣 > 第02選區[區域]",565a02a8-625c-4527-b6ef-2a3b6ab936af,105年立法委員,劉文忠,0,0,0,0,0,0,0,0,0,0,0,0,0,0,0,0
55086791-6560-42c7-9763-23aa6ab936af,"2016-01 > 立法委員 > 基隆市 > 第01選區[區域]",555ab9a1-3a0c-4bf5-ba9a-5a316ab936af,105年立法委員,劉文雄,3000107,1500000,4000000,200000,0,2138,8702245,992160,375000,181200,220830,0,1816563,0,0,0
5508676d-2164-4cbb-8762-35296ab936af,"2016-01 > 立法委員 > 臺東縣 > 第01選區[區域]",550c640c-cf74-4d9b-b0a5-025cacb5b862,105年立法委員,劉櫂豪,176811,310,2243865,5247606,9865283,41000,1239800,271457,110000,289604,0,0,32400,10220110,0,0
550866d6-c960-4d76-b09d-28956ab936af,"2016-01 > 立法委員 > 彰化縣 > 第02選區[區域]",550ce504-764c-4a7e-9f89-126d6ab936af,105年立法委員,劉泳君,12800,0,0,0,0,0,0,12800,0,0,0,0,0,9649,0,0
5508664a-6e84-44b5-914a-2f916ab936af,"2016-01 > 立法委員 > 高雄市 > 第08選區[區域]",560027e9-74b4-49ae-b4cf-461f6ab936af,105年立法委員,劉義雄,0,50000,0,0,0,0,50000,50000,0,0,0,0,0,0,0,0
5508669d-3f70-4828-8cf6-2f916ab936af,"2016-01 > 立法委員 > 新竹縣 > 第01選區[區域]",5518150d-5e08-4d80-923e-148d6ab936af,105年立法委員,卓恩宗,0,22001,33,415653,1338293,0,70000,102664,376117,0,7000,0,5664,1340142,0,500000
5508651b-9a9c-4814-94ce-35296ab936af,"2016-01 > 立法委員 > 臺北市 > 第02選區[區域]",560024ac-5f88-4bbc-9c2d-461f6ab936af,105年立法委員,吳俊德,0,10000,38,347595,573038,9800,135353,35842,110327,0,0,0,0,1053948,0,300000
5508670d-5054-400f-b13f-28956ab936af,"2016-01 > 立法委員 > 雲林縣 > 第02選區[區域]",55dc2d40-d33c-4e53-8866-7e4e6ab936af,105年立法委員,吳威志,793245,710000,5000000,0,19666,0,1370960,2716895,867300,574200,703705,0,113992,135859,0,40000
550866b8-0268-44dd-a911-28956ab936af,"2016-01 > 立法委員 > 苗栗縣 > 第02選區[區域]",55b4672a-1fd0-479a-ac65-304f6ab936af,105年立法委員,吳宜臻,6387500,1889000,475000,160000,364301,500,5229893,1136500,908210,0,1008430,10000,380858,2554333,0,0
55086515-7ac8-4ef6-9e8a-23aa6ab936af,"2016-01 > 立法委員 > 臺北市 > 第01選區[區域]",554ad5c6-7ebc-4a7b-8edd-3c576ab936af,105年立法委員,吳思瑤,10327100,7097200,0,546000,91440,2228,1603663,10768270,68500,0,0,860000,70656,2809340,0,520584
550867ac-19a8-41ea-bae7-28956ab936af,"2016-01 > 立法委員 > 金門縣 > 第01選區[區域]",55ad0781-a314-47d0-8334-676c6ab936af,105年立法委員,吳成典,50000,0,2967842,6774600,218232,51468,465315,378513,0,0,587900,0,7436177,0,3000000,1799290
55086531-af74-431e-b54e-35296ab936af,"2016-01 > 立法委員 > 臺北市 > 第06選區[區域]",561363f0-f1e4-44a8-9930-64046ab936af,105年立法委員,吳旭智,2205453,1400000,0,0,64000,222,3669675,3560589,121500,1125940,26021,376820,140000,0,0,0
550865c5-40c4-4388-bf7c-28956ab936af,"2016-01 > 立法委員 > 臺中市 > 第04選區[區域]",561365fb-4d24-497a-8ffa-642d6ab936af,105年立法委員,吳淑慧,350000,9144,46,2225226,0,1361047,328230,71560,228852,0,0,0,0,2275389,0,0
55086798-c350-4d0c-a197-35296ab936af,"2016-01 > 立法委員 > 新竹市 > 第01選區[區域]",565831f0-e69c-4323-b0e8-2a3b6ab936af,105年立法委員,吳淑敏,194500,100000,0,0,0,1,0,294501,0,0,0,0,0,200598,0,0
55086591-a3f4-4055-a37e-2f916ab936af,"2016-01 > 立法委員 > 新北市 > 第10選區[區域]",550ce388-ca78-4655-8c58-084b6ab936af,105年立法委員,吳琪銘,170000,54300,1000,8046612,9963400,306268,0,761819,16472,0,0,0,0,10943581,0,0
55086567-f3cc-4685-95b3-28956ab936af,"2016-01 > 立法委員 > 新北市 > 第04選區[區域]",550ce2bd-e91c-451a-8a91-084b6ab936af,105年立法委員,吳秉叡,25805088,20961000,2850000,430000,138800,20126,7450928,6790192,86790,1105841,4431180,58460,4740299,3935000,0,588670
5508674e-222c-4e26-9fb6-35296ab936af,"2016-01 > 立法委員 > 宜蘭縣 > 第01選區[區域]",550da58b-f430-455d-9305-1b7f6ab936af,105年立法委員,吳紹文,703100,100000,200000,0,60786,137,488000,155779,51492,1064023,221555,0,3976,85310,0,0
5508679f-ef44-47e8-b68b-35296ab936af,"2016-01 > 立法委員 > 嘉義市 > 第01選區[區域]",55d406da-55e8-4ff4-982c-77346ab936af,105年立法委員,吳育仁,250000,1,0,4783442,119637,8908389,0,250810,1435674,200000,0,0,0,9797873,0,5500000
55086559-5d48-4551-bd64-28956ab936af,"2016-01 > 立法委員 > 新北市 > 第01選區[區域]",550c640c-953c-4367-933a-025cacb5b862,105年立法委員,吳育昇,20315100,19478481,5200000,516000,43500,3584,4649820,23073181,1309342,2863999,1752909,400000,361211,2088206,0,713500
55086588-1098-4a87-8e83-2f916ab936af,"2016-01 > 立法委員 > 新北市 > 第08選區[區域]",55b79351-6904-4517-8189-318c6ab936af,105年立法委員,吳金魁,200000,0,5000,0,10000,18,215018,0,0,0,0,5000,0,203900,0,0
55086559-5d48-4551-bd64-28956ab936af,"2016-01 > 立法委員 > 新北市 > 第01選區[區域]",5548d6f2-6ca4-4d40-9b75-6a086ab936af,105年立法委員,呂孫綾,23756,19,782640,800450,6067542,19000,6000,847375,0,0,0,0,0,7740367,0,0
55086688-8478-41a0-8d41-23aa6ab936af,"2016-01 > 立法委員 > 桃園市 > 第06選區[區域]",55744f17-7438-441b-9e2f-3d496ab936af,105年立法委員,呂東杰,5000,0,7285,47,127345,0,0,16994,465370,230857,0,465416,0,5258,0,0
55086537-2db8-494b-bbd5-23d86ab936af,"2016-01 > 立法委員 > 臺北市 > 第07選區[區域]",551044e9-bc70-4999-afc1-12916ab936af,105年立法委員,呂欣潔,0,36600,244500,35000,2925999,89,3242188,478256,216520,582950,266250,27500,71352,406468,0,12284
55086684-cf84-47e5-8e8f-23d86ab936af,"2016-01 > 立法委員 > 桃園市 > 第05選區[區域]",550c640c-5814-4bfa-a71a-025cacb5b862,105年立法委員,呂玉玲,1354500,1120000,6000000,100000,0,0,8574500,953100,165000,0,2018500,300000,582000,1565742,0,0
550866b8-0268-44dd-a911-28956ab936af,"2016-01 > 立法委員 > 苗栗縣 > 第02選區[區域]",56543321-de7c-46f7-81dc-197f6ab936af,105年立法委員,周書涵,0,0,0,0,0,0,0,0,0,0,0,0,0,0,0,0
55086531-af74-431e-b54e-35296ab936af,"2016-01 > 立法委員 > 臺北市 > 第06選區[區域]",565937c3-7f7c-4be6-8f03-197f6ab936af,105年立法委員,周芳如,1654066,0,0,0,2000,0,597700,811483,31164,16724,382569,1656066,0,0,0,9322
5508651b-9a9c-4814-94ce-35296ab936af,"2016-01 > 立法委員 > 臺北市 > 第02選區[區域]",550c640c-618c-4837-bf95-025cacb5b862,105年立法委員,姚文智,16651934,12474000,0,760000,2173909,3111,2886420,9830228,148810,1494054,4007955,31270,2056604,3150000,0,0
55086561-d694-4667-9d94-2f916ab936af,"2016-01 > 立法委員 > 新北市 > 第03選區[區域]",550ce295-8550-4958-bb26-08496ab936af,105年立法委員,姚胤宏,62000,0,0,0,4000,0,0,66000,0,0,0,0,203278,0,28165,0
5508641c-f4e0-4b63-8354-28956ab936af,"2016-01 > 立法委員 > 全國[山原]",550c640c-3018-4d88-9169-025cacb5b862,105年立法委員,孔文吉,940000,2140000,5500000,0,0,1591,3270600,4111054,0,0,0,0,1034186,0,257024,0
5508674e-222c-4e26-9fb6-35296ab936af,"2016-01 > 立法委員 > 宜蘭縣 > 第01選區[區域]",5534002b-4b2c-489b-aa43-4c0f6ab936af,105年立法委員,孫博萮,253300,1000,0,0,31173,49,285522,0,0,0,0,0,243483,0,7052,750
55086688-8478-41a0-8d41-23aa6ab936af,"2016-01 > 立法委員 > 桃園市 > 第06選區[區域]",550c640c-56a0-4127-a26f-025cacb5b862,105年立法委員,孫大千,2483000,7000000,5000000,0,0,2818,2576170,9440937,0,400975,207623,0,2027814,0,190000,0
5508652b-cb04-46ec-91d6-23d86ab936af,"2016-01 > 立法委員 > 臺北市 > 第05選區[區域]",555c5656-f3a8-402a-ac9b-7d4e6ab936af,105年立法委員,尤瑞敏,219700,24000,0,10000,26405,35,280140,0,54000,0,500,22000,16047,229905,0,0
550866b4-7140-4a51-bea1-23aa6ab936af,"2016-01 > 立法委員 > 苗栗縣 > 第01選區[區域]",55180d2a-683c-4535-90e9-5d0e6ab936af,105年立法委員,康世儒,1438000,220000,0,0,0,13,1658013,3069360,0,138772,30097,0,85630,0,0,0
5508657f-3cdc-45ef-bf71-23aa6ab936af,"2016-01 > 立法委員 > 新北市 > 第06選區[區域]",550da42c-264c-4e71-b951-1b416ab936af,105年立法委員,康仁俊,303100,0,34000,0,7349100,864200,5696435,166500,121049,718469,0,7797255,0,7401,199402,0
55086734-0420-4412-872e-28956ab936af,"2016-01 > 立法委員 > 屏東縣 > 第01選區[區域]",55d15849-e790-48cd-9d21-69ea6ab936af,105年立法委員,廖婉汝,621688,24000,5500000,15000,2000,1,6162689,428350,394105,57808,419385,24000,36605,303570,0,6000
55086679-5f0c-4c5b-acf0-2f916ab936af,"2016-01 > 立法委員 > 桃園市 > 第02選區[區域]",550c640c-8380-4cc5-9bdb-025cacb5b862,105年立法委員,廖正井,3374000,8805000,8500000,270000,0,4142,3189041,13455984,1503156,714560,2271500,0,48000,469953,0,83300
550867ac-19a8-41ea-bae7-28956ab936af,"2016-01 > 立法委員 > 金門縣 > 第01選區[區域]",550c640c-3b44-4f6a-9c12-025cacb5b862,105年立法委員,張中法,12000,0,0,0,1000,3,0,0,0,0,0,0,200000,0,13003,0
550866f1-acb4-4b5d-a8ee-35296ab936af,"2016-01 > 立法委員 > 南投縣 > 第01選區[區域]",55ae1234-3b64-49ac-9f44-67696ab936af,105年立法委員,張國鑫,1697600,1375000,0,0,91699,121,562360,207200,48100,52400,3164420,0,1127270,0,1402329,6280
5508657f-3cdc-45ef-bf71-23aa6ab936af,"2016-01 > 立法委員 > 新北市 > 第06選區[區域]",550ce34b-5730-4386-811a-08496ab936af,105年立法委員,張宏陸,4816400,4543000,0,482000,8001,150,9849551,0,0,0,0,0,0,292405,0,0
550865c5-40c4-4388-bf7c-28956ab936af,"2016-01 > 立法委員 > 臺中市 > 第04選區[區域]",550ce469-e218-4bee-8e35-08496ab936af,105年立法委員,張廖萬堅,20384214,7686000,0,9370,1721,7887925,7150899,182523,230000,28311305,2999707,150000,332112,2082661,0,550800
55086588-1098-4a87-8e83-2f916ab936af,"2016-01 > 立法委員 > 新北市 > 第08選區[區域]",550c640c-8d0c-4443-8873-025cacb5b862,105年立法委員,張慶忠,1313000,2191000,0,270000,0,45,1969387,4137655,438400,233000,404780,0,3015632,0,0,0
550867a9-c568-41b7-9ea7-23d86ab936af,"2016-01 > 立法委員 > 連江縣 > 第01選區[區域]",5659489b-b304-4f41-b154-2a3b6ab936af,105年立法委員,張春寶,950,0,0,0,0,0,0,0,0,0,0,0,200060,0,950,0
55086561-d694-4667-9d94-2f916ab936af,"2016-01 > 立法委員 > 新北市 > 第03選區[區域]",55af94d3-4cac-41a8-9e32-09286ab936af,105年立法委員,張碩文,1152100,1200000,5000000,0,6000,857,2619950,3536957,145594,533295,385148,0,212330,0,52447,93279
550866d6-c960-4d76-b09d-28956ab936af,"2016-01 > 立法委員 > 彰化縣 > 第02選區[區域]",550ce4eb-6f80-4b73-a9e1-084b6ab936af,105年立法委員,張耀元,658448,0,0,500000,13500,21,1171969,1080000,16600,0,59950,0,107322,2611901,0,0
55086684-cf84-47e5-8e8f-23d86ab936af,"2016-01 > 立法委員 > 桃園市 > 第05選區[區域]",55b5f33a-fdd4-44cc-8673-408f6ab936af,105年立法委員,張肇良,3779200,3284200,0,220000,2000,0,7285400,322900,111300,0,2668158,566000,0,1075252,0,0
5508664a-6e84-44b5-914a-2f916ab936af,"2016-01 > 立法委員 > 高雄市 > 第08選區[區域]",56594493-c920-44ce-9e9e-094e6ab936af,105年立法委員,張育華,236200,0,0,9000,8470,5,16600,99413,50400,253675,6334,0,27590,200000,0,0
5508658c-4748-4159-9976-2f916ab936af,"2016-01 > 立法委員 > 新北市 > 第09選區[區域]",5613642d-6130-49b0-afed-642d6ab936af,105年立法委員,張菁芳,2314395,0,0,0,38900,26,2353321,27350,48050,690620,976064,0,214187,0,32437,30400
55086684-cf84-47e5-8e8f-23d86ab936af,"2016-01 > 立法委員 > 桃園市 > 第05選區[區域]",56136454-3fa4-4e95-8950-64216ab936af,105年立法委員,張誠,0,160000,0,40500,10,487810,0,1507449,710,0,3205,0,166046,0,0,1702113
550866dd-2cc4-4744-ab5d-23d86ab936af,"2016-01 > 立法委員 > 彰化縣 > 第04選區[區域]",55acffad-a908-44c5-ab3d-490a6ab936af,105年立法委員,張錦昆,2283000,11000000,100000,0,2036,3905266,17290302,708065,692201,295000,1460490,310000,2800,3177000,0,22400
55086708-c57c-4996-b872-28956ab936af,"2016-01 > 立法委員 > 雲林縣 > 第01選區[區域]",550c640c-5d38-4834-8e5f-025cacb5b862,105年立法委員,張鎔麒,2898000,8359000,2500000,1700000,7100,75,15464175,177600,87480,0,300000,217925,1426458,757480,0,0
55086635-833c-4733-88d2-23d86ab936af,"2016-01 > 立法委員 > 高雄市 > 第03選區[區域]",550c640c-f4f0-40dc-a315-025cacb5b862,105年立法委員,張顯耀,6056200,6039988,5800000,260000,28266,652,5886070,6628301,914342,18185106,1663280,350000,440199,2168716,0,1500
550866b8-0268-44dd-a911-28956ab936af,"2016-01 > 立法委員 > 苗栗縣 > 第02選區[區域]",55180db2-38a0-41c7-b698-17a06ab936af,105年立法委員,徐志榮,3365666,4130000,5500000,310000,8000,314,1391845,7352373,13313980,5381835,32778,882128,140000,959719,1000000,980004
5508667d-d5c4-456b-bc38-2f916ab936af,"2016-01 > 立法委員 > 桃園市 > 第03選區[區域]",55b5f2fa-94cc-45e0-991a-7c046ab936af,105年立法委員,徐景文,2405000,120000,7600,320,7667020,735000,5903046,0,710438,68300,200000,7877834,0,0,0,0
550866b8-0268-44dd-a911-28956ab936af,"2016-01 > 立法委員 > 苗栗縣 > 第02選區[區域]",56594558-949c-4102-be01-19786ab936af,105年立法委員,戴文祥,1132022,0,0,0,25000,129,161000,334017,34993,24933,412811,1157151,0,0,33800,5828
5508653c-4eb4-45ff-b4f7-2f916ab936af,"2016-01 > 立法委員 > 臺北市 > 第08選區[區域]",565434f3-c9cc-45e3-a3f0-0ed66ab936af,105年立法委員,方景鈞,0,0,0,0,0,0,0,0,0,0,0,0,0,0,0,0
55086597-23e4-4544-8b80-23aa6ab936af,"2016-01 > 立法委員 > 新北市 > 第11選區[區域]",556c878d-5b88-4b35-866d-26f86ab936af,105年立法委員,曾柏瑜,1264550,200000,340000,0,117063,327,1921940,891250,0,176413,7970,0,20315,309533,0,0
55086531-af74-431e-b54e-35296ab936af,"2016-01 > 立法委員 > 臺北市 > 第06選區[區域]",55180c44-1d8c-4cb3-b7e9-5d0e6ab936af,105年立法委員,曾獻瑩,1645654,0,690000,0,219861,190,2555705,318230,0,126000,283173,1000,27385,356301,0,0
55086798-c350-4d0c-a197-35296ab936af,"2016-01 > 立法委員 > 新竹市 > 第01選區[區域]",56583210-5f74-4a07-ba01-197f6ab936af,105年立法委員,曾耀澂,0,0,0,0,0,0,0,0,0,0,0,0,0,0,0,0
5508641c-f4e0-4b63-8354-28956ab936af,"2016-01 > 立法委員 > 全國[山原]",5658288e-289c-4c64-87f8-2a3b6ab936af,105年立法委員,曾華德,0,0,0,0,0,0,0,0,0,0,0,0,0,0,0,0
55086561-d694-4667-9d94-2f916ab936af,"2016-01 > 立法委員 > 新北市 > 第03選區[區域]",55af93ac-604c-4184-90df-07886ab936af,105年立法委員,李乾龍,4016000,8030000,11000000,0,11400,622,23058022,1691955,1795719,1212832,7349202,0,2168191,0,9783,199500
5508679f-ef44-47e8-b68b-35296ab936af,"2016-01 > 立法委員 > 嘉義市 > 第01選區[區域]",550c640c-70f4-4759-81fc-025cacb5b862,105年立法委員,李俊俋,15322246,5424836,0,230000,101260,1697,3272239,9948527,149371,3338047,3288207,482000,335915,1694602,0,56490
55086583-f11c-4fcd-b392-2f916ab936af,"2016-01 > 立法委員 > 新北市 > 第07選區[區域]",550da458-d178-4645-8641-084b6ab936af,105年立法委員,李婉鈺,1,7,147490,1850008,0,33750,0,367201,110000,690831,0,0,0,1918272,0,0
5508669d-3f70-4828-8cf6-2f916ab936af,"2016-01 > 立法委員 > 新竹縣 > 第01選區[區域]",55b7939a-dfd8-4679-8d6a-39cf6ab936af,105年立法委員,李宗華,0,200000,0,0,50000,0,250000,50000,0,0,0,0,0,200000,0,0
5508658c-4748-4159-9976-2f916ab936af,"2016-01 > 立法委員 > 新北市 > 第09選區[區域]",55104f6e-5694-40c6-bb2b-6c2e6ab936af,105年立法委員,李幸長,1024800,0,0,0,3100,96,488492,311985,1027996,26000,23580,0,43479,29338,0,28160
5508657f-3cdc-45ef-bf71-23aa6ab936af,"2016-01 > 立法委員 > 新北市 > 第06選區[區域]",5625cc42-cfe4-43cb-bc2a-7c136ab936af,105年立法委員,李建明,54000,0,0,0,1000,0,0,55000,608,0,0,0,0,200224,0,0
5508674e-222c-4e26-9fb6-35296ab936af,"2016-01 > 立法委員 > 宜蘭縣 > 第01選區[區域]",55af7227-0c04-4ac6-9133-078c6ab936af,105年立法委員,李志鏞,2515200,2810000,5500000,160000,6000,3884,2156560,8059247,0,133605,638199,740000,178485,1010886,0,290836
5508653c-4eb4-45ff-b4f7-2f916ab936af,"2016-01 > 立法委員 > 臺北市 > 第08選區[區域]",55c6f1a0-b1cc-452e-b7b6-42c86ab936af,105年立法委員,李慶元,6260629,2866500,0,40000,15099,564,3836090,4338947,311351,9182792,1581958,440000,127689,1269438,0,29440
5508659d-b768-4da9-bcad-28956ab936af,"2016-01 > 立法委員 > 新北市 > 第12選區[區域]",550c640c-d8bc-44e2-b536-025cacb5b862,105年立法委員,李慶華,2497000,5700000,5700000,230000,5000,2468,14134468,931365,824214,138950,567225,0,258972,1517472,1000000,248900
55086520-1080-43fa-9dc6-23d86ab936af,"2016-01 > 立法委員 > 臺北市 > 第03選區[區域]",550ef8ec-a900-4acf-ac70-4bbb6ab936af,105年立法委員,李成嶽,0,0,200000,0,0,0,0,0,0,0,0,0,200000,0,200000,0
55086642-d6e4-4641-a71d-2f916ab936af,"2016-01 > 立法委員 > 高雄市 > 第06選區[區域]",550c640c-8a18-4a45-af62-025cacb5b862,105年立法委員,李昆澤,17035160,10888000,0,1586000,213950,3497,2245978,15907127,967704,3206636,1039789,0,1749921,1780000,866200,29726607
55086520-1080-43fa-9dc6-23d86ab936af,"2016-01 > 立法委員 > 臺北市 > 第03選區[區域]",55180823-7f38-4c8b-954c-17a06ab936af,105年立法委員,李晏榕,0,1516,2142600,6300,1992673,471,4143560,433520,115773,398918,344446,0,166417,557532,0,40151
5508657f-3cdc-45ef-bf71-23aa6ab936af,"2016-01 > 立法委員 > 新北市 > 第06選區[區域]",561365aa-9628-4402-908a-642d6ab936af,105年立法委員,李貴寶,13100,20000,0,0,11000,2,0,44102,0,0,0,0,0,59100,0,200000
550866b4-7140-4a51-bea1-23aa6ab936af,"2016-01 > 立法委員 > 苗栗縣 > 第01選區[區域]",55b4614d-d4f0-4402-b4fe-30506ab936af,105年立法委員,杜文卿,1261000,1790000,300000,110000,0,146,3461146,920650,75496,0,635472,0,23322,894360,0,0
55086722-1110-4726-985f-35296ab936af,"2016-01 > 立法委員 > 嘉義縣 > 第02選區[區域]",55d408a2-1580-438b-8567-772c6ab936af,105年立法委員,林于玲,0,0,1200695,5500000,53025,258420,75575,1305653,0,100000,1404160,0,99300,5780328,0,5000000
55086600-5d6c-4c70-b17e-23aa6ab936af,"2016-01 > 立法委員 > 臺南市 > 第04選區[區域]",550ce6a9-cd68-4c1e-9ee2-126d6ab936af,105年立法委員,林俊憲,12799960,10272500,0,5000,1200,4225351,7124908,702483,6620615,934425,992624,550000,460000,2159918,0,0
5508641c-f4e0-4b63-8354-28956ab936af,"2016-01 > 立法委員 > 全國[山原]",5600240b-033c-4a6d-aec9-469c6ab936af,105年立法委員,林信義,0,2000000,110000,0,351000,0,2461000,307500,82500,132000,443000,41000,0,300000,0,0
55086561-d694-4667-9d94-2f916ab936af,"2016-01 > 立法委員 > 新北市 > 第03選區[區域]",56593b72-7dec-48c3-b813-094e6ab936af,105年立法委員,林其瑩,119600,20000,0,0,10000,0,0,149600,0,95000,0,0,8927,256704,0,0
5508657f-3cdc-45ef-bf71-23aa6ab936af,"2016-01 > 立法委員 > 新北市 > 第06選區[區域]",551813db-8cbc-42d9-a811-12916ab936af,105年立法委員,林國春,5025100,8340500,5000000,486000,10500,2262,1126905,11601455,0,741100,918407,1330000,36458,912196,0,222629
5508664e-9d38-4996-8a32-35296ab936af,"2016-01 > 立法委員 > 高雄市 > 第09選區[區域]",550c640c-84b4-450a-beaf-025cacb5b862,105年立法委員,林國正,3063580,2967000,5500000,660000,5000,2048,1407260,10319495,1117544,563239,644710,0,1362083,0,17270,192155
5508664e-9d38-4996-8a32-35296ab936af,"2016-01 > 立法委員 > 高雄市 > 第09選區[區域]",5613661b-a074-483b-aa36-647c6ab936af,105年立法委員,林宗彥,555200,20000,0,0,3000,13,578213,0,46329,309600,87745,0,1726,248650,0,0
55086526-97a0-4c1e-be70-28956ab936af,"2016-01 > 立法委員 > 臺北市 > 第04選區[區域]",55180ae2-9fa4-4a4b-82ea-0c5a6ab936af,105年立法委員,林少馳,0,4001,111,293260,1022455,0,159990,71000,316501,0,0,33900,0,1060838,0,700000
55086639-b968-414d-b79a-2f916ab936af,"2016-01 > 立法委員 > 高雄市 > 第04選區[區域]",550c640c-b9ec-4db1-8508-025cacb5b862,105年立法委員,林岱樺,20076900,8639000,0,1380000,0,6729,30102629,0,0,273000,3591438,170000,157960,3266397,0,0
55086588-1098-4a87-8e83-2f916ab936af,"2016-01 > 立法委員 > 新北市 > 第08選區[區域]",56593e49-26e0-4497-a633-094e6ab936af,105年立法委員,林建志,0,0,0,0,0,0,0,0,0,0,0,0,0,0,0,0
550865f0-d50c-40e9-bffa-28956ab936af,"2016-01 > 立法委員 > 臺南市 > 第01選區[區域]",550ce657-2d00-419d-b9fa-084b6ab936af,105年立法委員,林德旺,366000,0,0,0,0,0,0,366000,52300,0,0,0,0,164100,0,0
5508658c-4748-4159-9976-2f916ab936af,"2016-01 > 立法委員 > 新北市 > 第09選區[區域]",550c640c-0920-42f5-b756-025cacb5b862,105年立法委員,林德福,12147893,7890000,5000000,0,1000,2515,25041408,895365,242477,500,400000,22000,544078,260867,0,838800
55086537-2db8-494b-bbd5-23d86ab936af,"2016-01 > 立法委員 > 臺北市 > 第07選區[區域]",565938cb-c37c-4ec0-af52-19786ab936af,105年立法委員,林文傑,500,0,0,0,0,0,0,0,0,0,0,0,500,4200,0,0
55086422-2e64-4827-9712-23d86ab936af,"2016-01 > 立法委員 > 全國[平原]",55d818bd-3d48-41f4-a559-773a6ab936af,105年立法委員,林昊宜,0,0,11000,533,1812840,15000,16000,470961,6314533,1388161,0,6429217,0,0,58979,0
55086605-2a2c-4e6a-a7f5-23d86ab936af,"2016-01 > 立法委員 > 臺南市 > 第05選區[區域]",55ad16a6-bd9c-48fb-9e6e-490a6ab936af,105年立法委員,林易煌,449281,201000,5500000,600000,0,697,3855870,2418814,122547,512000,343574,0,161237,918148,0,47350
5508652b-cb04-46ec-91d6-23d86ab936af,"2016-01 > 立法委員 > 臺北市 > 第05選區[區域]",550d9cdc-0e08-43d1-bafc-084b6ab936af,105年立法委員,林昶佐,8973554,2454666,760000,180000,210734,1499,1735000,8351835,425400,12580453,1707200,0,43712,273124,0,2168230
5508671d-d1a8-4678-aac9-35296ab936af,"2016-01 > 立法委員 > 嘉義縣 > 第01選區[區域]",55d40615-8dd8-45ec-9c78-69ea6ab936af,105年立法委員,林江釧,585000,1100000,5500000,100000,0,881,7285881,752260,1444038,132517,302215,0,136224,831629,0,216400
5508655d-7e54-4618-82ef-28956ab936af,"2016-01 > 立法委員 > 新北市 > 第02選區[區域]",550c640c-1024-454c-9577-025cacb5b862,105年立法委員,林淑芬,13294260,2610000,0,0,620001,1459,1999010,7542406,0,367100,1318005,370000,760,3765664,0,135970
550866d6-c960-4d76-b09d-28956ab936af,"2016-01 > 立法委員 > 彰化縣 > 第02選區[區域]",550c640c-4470-4e7a-9774-025cacb5b862,105年立法委員,林滄敏,5559400,6212000,5300000,1400000,0,2335,3229920,8642628,18473735,5000,2267170,0,473246,2534671,0,0
5508674e-222c-4e26-9fb6-35296ab936af,"2016-01 > 立法委員 > 宜蘭縣 > 第01選區[區域]",56582a99-175c-4567-8e6e-19786ab936af,105年立法委員,林獻山,0,0,0,0,0,0,0,42049,0,0,0,0,0,0,0,0
55086422-2e64-4827-9712-23d86ab936af,"2016-01 > 立法委員 > 全國[平原]",565829a1-aaf8-482e-b8b2-197f6ab936af,105年立法委員,林琮翰,0,40,1117550,1479130,3850040,134874,0,672200,444136,0,0,0,0,3856320,0,3000000
5508652b-cb04-46ec-91d6-23d86ab936af,"2016-01 > 立法委員 > 臺北市 > 第05選區[區域]",550c640c-a020-4b05-ac53-025cacb5b862,105年立法委員,林郁方,13053584,8838000,5500000,726000,9369,5398,4917735,6014609,900,93500,177130,0,65367,1470177,0,5000
550867a9-c568-41b7-9ea7-23d86ab936af,"2016-01 > 立法委員 > 連江縣 > 第01選區[區域]",5659487e-e3f0-4f74-a418-197f6ab936af,105年立法委員,林金官,29600,0,0,0,0,0,29600,9100,0,0,0,0,7642,2660,0,0
55086567-f3cc-4685-95b3-28956ab936af,"2016-01 > 立法委員 > 新北市 > 第04選區[區域]",550ce2d6-1a5c-45d0-b12a-0af26ab936af,105年立法委員,林麗容,0,0,0,0,0,0,0,0,0,0,0,0,0,0,0,0
55086798-c350-4d0c-a197-35296ab936af,"2016-01 > 立法委員 > 新竹市 > 第01選區[區域]",55194e97-a020-4417-bafa-148d6ab936af,105年立法委員,柯建銘,21483455,26915133,0,3020000,222011,548,51641147,55960,0,1200000,6076630,766241,6222119,1296800,0,21490
55086422-2e64-4827-9712-23d86ab936af,"2016-01 > 立法委員 > 全國[平原]",56594856-bdec-4ec4-9335-2a3b6ab936af,105年立法委員,柯荏耀,4000,0,0,0,0,0,0,4000,0,0,0,0,0,17840,0,0
55086635-833c-4733-88d2-23d86ab936af,"2016-01 > 立法委員 > 高雄市 > 第03選區[區域]",56002433-5f50-43ca-8c30-469c6ab936af,105年立法委員,梁蓓禎,0,16000,33,294906,890933,28350,0,97267,246131,0,0,0,0,900150,0,700000
55086537-2db8-494b-bbd5-23d86ab936af,"2016-01 > 立法委員 > 臺北市 > 第07選區[區域]",5510516b-f264-45e2-be0e-12916ab936af,105年立法委員,楊實秋,7510866,3043000,0,32000,475230,342,11061438,2157500,39515,151849,230750,6861,369875,104000,0,500
55086600-5d6c-4c70-b17e-23aa6ab936af,"2016-01 > 立法委員 > 臺南市 > 第04選區[區域]",5575a3c7-cec8-4705-8f05-2d2b6ab936af,105年立法委員,楊智達,407035,10000,399090,0,8000,0,428000,165676,0,0,0,0,240934,0,8140,0
5508677e-0984-4ddb-9f47-2f916ab936af,"2016-01 > 立法委員 > 澎湖縣 > 第01選區[區域]",550c640c-142c-4e19-9e15-025cacb5b862,105年立法委員,楊曜,0,834,0,0,20000,5727483,7150834,206200,70473,200000,0,0,0,7288657,0,0
55086791-6560-42c7-9763-23aa6ab936af,"2016-01 > 立法委員 > 基隆市 > 第01選區[區域]",55180f74-3818-41ef-863f-5d0e6ab936af,105年立法委員,楊石城,2454800,152000,0,0,10100,215,2617115,513273,0,0,0,0,0,354229,0,0
550867ac-19a8-41ea-bae7-28956ab936af,"2016-01 > 立法委員 > 金門縣 > 第01選區[區域]",55ad0617-e79c-41bc-a5ba-67696ab936af,105年立法委員,楊鎮浯,900000,2100000,5500000,50000,20000,2853,4657418,6568544,0,8572853,1852322,0,12870,658664,0,189600
55086681-7334-49b4-b22b-23d86ab936af,"2016-01 > 立法委員 > 桃園市 > 第04選區[區域]",550c640c-120c-484f-a68d-025cacb5b862,105年立法委員,楊麗環,9033000,8973600,6000000,837000,0,3077,7206925,7936763,24846677,1779611,929413,143600,8600,7002937,0,0
55086798-c350-4d0c-a197-35296ab936af,"2016-01 > 立法委員 > 新竹市 > 第01選區[區域]",550c640c-bd94-4a74-8b1d-025cacb5b862,105年立法委員,歐崇敬,0,0,15598,409,3985703,203000,279765,6503607,181109,440033,0,7110421,0,232055,0,0
550865d5-00d0-4767-8c2b-35296ab936af,"2016-01 > 立法委員 > 臺中市 > 第08選區[區域]",550c640c-b2d4-4fbe-96e7-025cacb5b862,105年立法委員,江啟臣,11303500,4726470,6500000,255000,4000,903,2746395,11529044,210630,1188183,1983330,100000,265540,1374734,0,1364536
55086583-f11c-4fcd-b392-2f916ab936af,"2016-01 > 立法委員 > 新北市 > 第07選區[區域]",550c640c-d408-4751-b794-025cacb5b862,105年立法委員,江惠貞,8859300,5750000,7000000,724000,29400,1041,1007105,15184104,539834,22363741,2332219,0,58201,2654729,0,270950
55086583-f11c-4fcd-b392-2f916ab936af,"2016-01 > 立法委員 > 新北市 > 第07選區[區域]",56593d10-cac0-41a6-9256-197f6ab936af,105年立法委員,汪成華,0,0,0,0,0,0,0,0,0,0,0,0,0,0,0,0
550865cd-a8c4-4255-8543-23d86ab936af,"2016-01 > 立法委員 > 臺中市 > 第06選區[區域]",55c60e20-e40c-47dc-addf-03126ab936af,105年立法委員,沈智慧,5618988,2363800,5500000,50000,3960,481,5411244,9032727,120000,29500,6845,231913,300000,44000,0,152415
550866da-da04-4b8d-9a4a-28956ab936af,"2016-01 > 立法委員 > 彰化縣 > 第03選區[區域]",550ce51b-de48-42d1-9e2e-084b6ab936af,105年立法委員,洪宗熠,9666895,3646000,0,100000,133900,639,1037850,12008996,0,1808618,382466,1124964,580453,630000,0,0
550867ac-19a8-41ea-bae7-28956ab936af,"2016-01 > 立法委員 > 金門縣 > 第01選區[區域]",565947e5-2d48-41f7-bed1-094e6ab936af,105年立法委員,洪志恒,242088,0,0,0,0,0,0,242088,0,0,0,0,200000,0,2719,0
55086559-5d48-4551-bd64-28956ab936af,"2016-01 > 立法委員 > 新北市 > 第01選區[區域]",56593d52-569c-4a4b-a103-197f6ab936af,105年立法委員,洪志成,3250,0,0,0,0,0,0,0,0,0,3359,0,200000,0,3250,0
550865c1-cb30-4196-ad83-2f916ab936af,"2016-01 > 立法委員 > 臺中市 > 第03選區[區域]",550da01d-3bbc-41dc-acca-0af26ab936af,105年立法委員,洪慈庸,21067987,4996646,150000,150000,2045229,3316,6511518,9894175,923004,1449399,6222704,505000,534029,2511766,0,22720
550866da-da04-4b8d-9a4a-28956ab936af,"2016-01 > 立法委員 > 彰化縣 > 第03選區[區域]",550ce52f-fb0c-4666-bd06-0af26ab936af,105年立法委員,洪遊江,0,0,0,0,0,0,0,0,0,0,0,0,0,0,0,0
5508652b-cb04-46ec-91d6-23d86ab936af,"2016-01 > 立法委員 > 臺北市 > 第05選區[區域]",551010a2-7c40-485d-99c2-0c586ab936af,105年立法委員,洪顯政,0,0,0,0,0,0,0,0,0,0,0,0,0,0,0,0
550866d6-c960-4d76-b09d-28956ab936af,"2016-01 > 立法委員 > 彰化縣 > 第02選區[區域]",56582583-eeb8-422a-b5c9-19786ab936af,105年立法委員,温國銘,115000,6000,0,40000,20000,0,0,181000,0,0,0,0,0,0,0,0
5508657f-3cdc-45ef-bf71-23aa6ab936af,"2016-01 > 立法委員 > 新北市 > 第06選區[區域]",560024e7-18a4-4a7d-9af1-461f6ab936af,105年立法委員,游信義,74300,0,59801,35,2137336,3000,3920658,2700,54907,418454,0,4727656,0,160,0,0
55086520-1080-43fa-9dc6-23d86ab936af,"2016-01 > 立法委員 > 臺北市 > 第03選區[區域]",550ef9a7-1238-47e1-8030-1b7f6ab936af,105年立法委員,潘建志,95000,206300,132,3561988,7808001,164200,0,178125,2278315,0,0,0,18671,8192953,0,0
5508651b-9a9c-4814-94ce-35296ab936af,"2016-01 > 立法委員 > 臺北市 > 第02選區[區域]",55c1e736-d1d4-405d-b884-03126ab936af,105年立法委員,潘懷宗,1303300,3273200,1000000,60000,23500,181,2540890,6020665,269400,1143616,975810,0,71497,692074,0,196009
55086605-2a2c-4e6a-a7f5-23d86ab936af,"2016-01 > 立法委員 > 臺南市 > 第05選區[區域]",550ce6ee-dfa4-4817-a358-084b6ab936af,105年立法委員,王定宇,21684986,16430000,0,328000,242668,10771,4505024,9810100,884203,778261,985383,1035000,38696425,3771989,420000,818164
55086674-8224-431b-be41-35296ab936af,"2016-01 > 立法委員 > 桃園市 > 第01選區[區域]",5558aa6d-848c-4256-98c0-1f286ab936af,105年立法委員,王寶萱,2186486,112000,0,3000,241193,636,477854,895190,95000,347392,309696,0,429462,0,28757,13310
550866d2-1e30-4067-bdb0-23aa6ab936af,"2016-01 > 立法委員 > 彰化縣 > 第01選區[區域]",550c640c-f20c-4c1f-94fc-025cacb5b862,105年立法委員,王惠美,17832888,16750470,5000000,456000,5080,689,8134030,14745298,792273,40045127,3335481,286000,471330,5345703,0,6702060
55086567-f3cc-4685-95b3-28956ab936af,"2016-01 > 立法委員 > 新北市 > 第04選區[區域]",56586bca-379c-4ba4-8fa3-094e6ab936af,105年立法委員,王斯儀,0,0,0,0,0,0,0,0,0,0,0,0,0,0,0,0
5508663d-47c0-43c1-831d-2f916ab936af,"2016-01 > 立法委員 > 高雄市 > 第05選區[區域]",55b793e8-eae0-4bcf-845c-39cf6ab936af,105年立法委員,王新昌,283622,45000,400000,0,2000,36,730658,0,158450,0,0,0,170899,301298,0,3500
5508673b-c30c-4046-b480-23d86ab936af,"2016-01 > 立法委員 > 屏東縣 > 第02選區[區域]",550c640c-bcf0-4d72-92ad-025cacb5b862,105年立法委員,王進士,7666688,4398000,5500000,540000,0,1640,18106328,998400,565850,2728783,1215120,0,472617,140000,0,194747
55086515-7ac8-4ef6-9e8a-23aa6ab936af,"2016-01 > 立法委員 > 臺北市 > 第01選區[區域]",56136393-6bb0-4a9b-b9c5-64216ab936af,105年立法委員,王靜亞,2490351,98000,0,0,47500,56,2635907,0,0,61600,442362,0,36855,383583,0,0
55086591-a3f4-4055-a37e-2f916ab936af,"2016-01 > 立法委員 > 新北市 > 第10選區[區域]",550c640c-9ab0-43da-81fc-025cacb5b862,105年立法委員,盧嘉辰,2689800,1900000,5500000,1120000,2000,1479,11213279,0,0,8500,388330,200000,67420,1059330,0,15000
550865c9-8efc-4aaa-9c8d-2f916ab936af,"2016-01 > 立法委員 > 臺中市 > 第05選區[區域]",550c640c-82b4-4913-87ce-025cacb5b862,105年立法委員,盧秀燕,16124339,15213900,5500000,50000,35200,4535,1687090,20834659,393200,3492551,1726383,314175,2124324,1946000,0,1005212
550865d1-7764-44a5-a4a2-23aa6ab936af,"2016-01 > 立法委員 > 臺中市 > 第07選區[區域]",56002789-95e8-4c17-bc15-466d6ab936af,105年立法委員,石大哉,0,0,200000,0,0,0,0,0,0,0,0,0,200000,0,200000,0
5508663d-47c0-43c1-831d-2f916ab936af,"2016-01 > 立法委員 > 高雄市 > 第05選區[區域]",550c640c-c110-4770-a1aa-025cacb5b862,105年立法委員,管碧玲,22541588,14440000,0,1076000,7767312,6578,5819335,13691843,1134767,3546465,2103718,2260000,1688038,4324769,0,1604221
550865c9-8efc-4aaa-9c8d-2f916ab936af,"2016-01 > 立法委員 > 臺中市 > 第05選區[區域]",560024c0-0254-4ad3-9c32-46a36ab936af,105年立法委員,簡孟軒,1446522,266000,800000,0,130196,67,2642785,1040468,102750,68700,47468,862870,325550,196000,0,0
550865bd-8c00-42f3-9191-2f916ab936af,"2016-01 > 立法委員 > 臺中市 > 第02選區[區域]",55340190-35f4-4256-ae4e-4c0f6ab936af,105年立法委員,紀國棟,100000,0,60000,43350,23,1373819,3778537,1254000,259392,95000,49000,0,87652,467333,0,119500
55086597-23e4-4544-8b80-23aa6ab936af,"2016-01 > 立法委員 > 新北市 > 第11選區[區域]",550c640c-fa38-4e1b-a22f-025cacb5b862,105年立法委員,羅明才,7858000,14098000,5000000,1700000,24200,3769,1022750,19336893,1201184,1920635,1670946,500000,9286,1886675,0,0
55086583-f11c-4fcd-b392-2f916ab936af,"2016-01 > 立法委員 > 新北市 > 第07選區[區域]",550ce366-8d7c-404f-968b-0af26ab936af,105年立法委員,羅致政,17531581,7118600,0,573000,1864628,3792,9075720,9282406,148400,973655,667153,286000,299545,3712983,0,1075168
5508679f-ef44-47e8-b68b-35296ab936af,"2016-01 > 立法委員 > 嘉義市 > 第01選區[區域]",55be5704-8210-4e4a-b1f9-38556ab936af,105年立法委員,翁壽良,300000,2000,0,6906648,150200,4960404,540000,0,511886,0,0,0,0,6963174,0,0
550865fa-5380-4c6f-948e-2f916ab936af,"2016-01 > 立法委員 > 臺南市 > 第03選區[區域]",55f0c679-640c-452e-a945-185a6ab936af,105年立法委員,翁琬甯,20000,16000,0,0,0,0,0,0,0,0,0,0,200000,0,36000,0
5508653c-4eb4-45ff-b4f7-2f916ab936af,"2016-01 > 立法委員 > 臺北市 > 第08選區[區域]",55104513-1c84-495e-a40c-5a6b6ab936af,105年立法委員,苗博雅,2206959,120000,0,0,201039,633,207596,968072,10250,358043,38438,0,193334,296732,0,0
550865c9-8efc-4aaa-9c8d-2f916ab936af,"2016-01 > 立法委員 > 臺中市 > 第05選區[區域]",550da05f-2d78-42a5-804a-084b6ab936af,105年立法委員,苗豐隆,0,0,0,0,0,0,0,0,0,15000,0,0,750,202660,0,0
55086537-2db8-494b-bbd5-23d86ab936af,"2016-01 > 立法委員 > 臺北市 > 第07選區[區域]",55fe6899-ab58-4d59-aefd-469c6ab936af,105年立法委員,范揚律,0,0,0,0,0,0,0,0,0,0,0,0,0,0,0,0
55086531-af74-431e-b54e-35296ab936af,"2016-01 > 立法委員 > 臺北市 > 第06選區[區域]",550da1c6-ba40-423a-b6d9-084b6ab936af,105年立法委員,范雲,5239449,1216000,0,0,100010,1656,1678118,3353396,175750,497654,500986,4000,158591,372618,0,0
55086646-73b0-4839-860d-2f916ab936af,"2016-01 > 立法委員 > 高雄市 > 第07選區[區域]",555b4ec8-c2f8-456c-a94b-5a316ab936af,105年立法委員,莊啟旺,4604400,4451000,5800000,270000,183800,1596,2428960,13776977,564700,0,275867,820000,24025,2277813,0,0
5508673e-6194-4ecd-9f2c-23d86ab936af,"2016-01 > 立法委員 > 屏東縣 > 第03選區[區域]",550ce7f9-0924-4e8e-a795-126d6ab936af,105年立法委員,莊瑞雄,232212,781,14645889,220085,80000,388290,530483,3449698,447630,1250000,0,0,164120,6853531,0,0
550865f0-d50c-40e9-bffa-28956ab936af,"2016-01 > 立法委員 > 臺南市 > 第01選區[區域]",550c640c-a1c0-469d-83d5-025cacb5b862,105年立法委員,葉宜津,10240680,7348000,0,1020000,207080,2144,18817904,336700,255358,242000,820625,8340,168896,100000,0,338039
550865c5-40c4-4388-bf7c-28956ab936af,"2016-01 > 立法委員 > 臺中市 > 第04選區[區域]",5600245e-6014-425b-9d06-461f6ab936af,105年立法委員,葉春幸,4397400,246500,500000,0,23251,131,1615404,1429400,524872,79200,315990,41000,5167282,622469,0,6000
5508658c-4748-4159-9976-2f916ab936af,"2016-01 > 立法委員 > 新北市 > 第09選區[區域]",55193f51-b210-4b51-8cce-12916ab936af,105年立法委員,董建一,209306,0,0,0,50729,75,260110,19000,0,0,0,0,0,241932,0,0
550865b9-edc4-435c-9c17-35296ab936af,"2016-01 > 立法委員 > 臺中市 > 第01選區[區域]",550c640c-4c38-4afa-9fdb-025cacb5b862,105年立法委員,蔡其昌,26215866,17190000,0,44768,3668,2467286,9861744,262625,683200,44137502,5575113,300300,801993,2232716,0,536596
5508664e-9d38-4996-8a32-35296ab936af,"2016-01 > 立法委員 > 高雄市 > 第09選區[區域]",550ce75b-e408-4e53-88ff-08496ab936af,105年立法委員,蔡媽福,90000,20000,0,0,0,0,0,110000,236200,0,0,0,2794,0,34389,0
5508671d-d1a8-4678-aac9-35296ab936af,"2016-01 > 立法委員 > 嘉義縣 > 第01選區[區域]",550ce5e2-43cc-4dc0-9714-126d6ab936af,105年立法委員,蔡易餘,10885599,7981604,300000,436000,42700,1542,4016072,8142358,447472,467415,3969954,570593,1584804,19647445,0,578735
550866f7-38a0-44f3-aad6-2f916ab936af,"2016-01 > 立法委員 > 南投縣 > 第02選區[區域]",550ce56f-8168-4e3d-85ae-126d6ab936af,105年立法委員,蔡煌瑯,12190950,8180000,0,2980000,311407,6612,4623335,11520561,2099245,324276,1656108,970000,459118,2138539,0,0
55086791-6560-42c7-9763-23aa6ab936af,"2016-01 > 立法委員 > 基隆市 > 第01選區[區域]",555ab9e3-036c-4548-8d3a-5e226ab936af,105年立法委員,蔡適應,1,683,250927,126737,205000,4193288,9779983,0,1423634,26000,0,0,1343759,12964062,0,0
55086531-af74-431e-b54e-35296ab936af,"2016-01 > 立法委員 > 臺北市 > 第06選區[區域]",565937e6-00d8-4139-bf10-197f6ab936af,105年立法委員,蔣慰慈,1200,0,0,0,0,0,0,0,0,0,0,0,200000,0,1200,0
55086520-1080-43fa-9dc6-23d86ab936af,"2016-01 > 立法委員 > 臺北市 > 第03選區[區域]",55180983-a6f8-4e37-8d0f-17a06ab936af,105年立法委員,蔣萬安,3105110,4125000,6200000,20000,14806,1516,1414630,10192809,707010,572462,534280,1005000,0,487143,0,0
55086526-97a0-4c1e-be70-28956ab936af,"2016-01 > 立法委員 > 臺北市 > 第04選區[區域]",55180af8-686c-4dc6-9181-17a06ab936af,105年立法委員,蕭亞譚,1100,105,1742205,250000,47978,38564,5000,0,276237,24000,0,0,15573,2999455,0,1000000
55086561-d694-4667-9d94-2f916ab936af,"2016-01 > 立法委員 > 新北市 > 第03選區[區域]",56593ba8-ed28-4a91-a7a0-094e6ab936af,105年立法委員,蕭忠漢,101000,0,0,0,0,0,115000,12048,0,0,0,0,19830,0,948,5685
5508675e-bd7c-4a28-883c-23aa6ab936af,"2016-01 > 立法委員 > 花蓮縣 > 第01選區[區域]",55ae1d7a-ec64-4b48-9b7d-67616ab936af,105年立法委員,蕭美琴,16139148,9985600,0,565000,416500,10059,3770116,10197653,277500,27116307,3676682,210700,39938,1261529,0,18786
55086561-d694-4667-9d94-2f916ab936af,"2016-01 > 立法委員 > 新北市 > 第03選區[區域]",56582c7c-e36c-4e29-b70f-2a3b6ab936af,105年立法委員,蘇卿彥,6600,0,0,0,0,0,0,0,0,0,0,0,200020,0,6600,0
5508657a-53cc-46a9-9e9a-23d86ab936af,"2016-01 > 立法委員 > 新北市 > 第05選區[區域]",550da35b-afac-443b-bd75-0af26ab936af,105年立法委員,蘇巧慧,13333935,6710000,190000,6000,155701,2662,20398298,0,105668,956748,1849786,0,451703,517467,0,62540
550867a9-c568-41b7-9ea7-23d86ab936af,"2016-01 > 立法委員 > 連江縣 > 第01選區[區域]",55eb0d95-181c-416f-bad7-02436ab936af,105年立法委員,蘇柏豪,50000,0,0,0,12500,0,0,62500,300,0,0,0,206273,0,46943,0
55086708-c57c-4996-b872-28956ab936af,"2016-01 > 立法委員 > 雲林縣 > 第01選區[區域]",550ce5b7-56d8-4644-8250-084b6ab936af,105年立法委員,蘇治芬,10119400,8644000,0,153600,2500,919,1131420,11075363,715363,18920419,111784,1673975,1300000,1286100,0,1194123
55086559-5d48-4551-bd64-28956ab936af,"2016-01 > 立法委員 > 新北市 > 第01選區[區域]",5548d738-7898-4ad1-a0a7-6a066ab936af,105年立法委員,蘇通達,70699,0,0,0,28900,0,0,0,0,0,0,0,0,0,200000,99599
55086734-0420-4412-872e-28956ab936af,"2016-01 > 立法委員 > 屏東縣 > 第01選區[區域]",550c640c-5a00-43bc-9f57-025cacb5b862,105年立法委員,蘇震清,13895800,7457985,0,390000,100000,2260,2010030,3435902,8000,2231176,3089062,589622,1559764,1130000,0,383701
5508664a-6e84-44b5-914a-2f916ab936af,"2016-01 > 立法委員 > 高雄市 > 第08選區[區域]",550c640c-a824-4f4c-adc6-025cacb5b862,105年立法委員,許智傑,12292586,12684000,0,1596020,0,2807,5125162,10190931,128500,8212558,144273,1115597,1802000,3686,0,564018
5508673e-6194-4ecd-9f2c-23d86ab936af,"2016-01 > 立法委員 > 屏東縣 > 第03選區[區域]",558a2094-0ba0-4731-ab10-70816ab936af,105年立法委員,許謹如,0,10000,3,4256003,665100,1560523,156036,1400060,265751,0,0,0,42940,4256317,0,4000000
55086537-2db8-494b-bbd5-23d86ab936af,"2016-01 > 立法委員 > 臺北市 > 第07選區[區域]",565938ad-8704-43ce-a88d-2a3b6ab936af,105年立法委員,詹益正,1000,0,0,0,0,0,0,0,0,0,0,0,1000,1000,0,0
550865d5-00d0-4767-8c2b-35296ab936af,"2016-01 > 立法委員 > 臺中市 > 第08選區[區域]",5540edf6-c5bc-4b07-b360-71216ab936af,105年立法委員,謝志忠,14626180,5796000,0,180000,62600,132,2155518,13363918,604074,169359,749589,3385842,500000,20664912,0,0
550865fa-5380-4c6f-948e-2f916ab936af,"2016-01 > 立法委員 > 臺南市 > 第03選區[區域]",55b7b518-1e0c-49f3-9ecc-318f6ab936af,105年立法委員,謝龍介,103000,1100,1238,7591427,10826855,133650,0,1612746,776285,0,0,0,331400,13121694,0,7500000
55086537-2db8-494b-bbd5-23d86ab936af,"2016-01 > 立法委員 > 臺北市 > 第07選區[區域]",550c640c-7498-43fe-b443-025cacb5b862,105年立法委員,費鴻泰,16051520,10939000,5700000,1488000,48320,4606,34231446,875850,985973,708798,33552,1017480,1305000,1100008,0,0
55086567-f3cc-4685-95b3-28956ab936af,"2016-01 > 立法委員 > 新北市 > 第04選區[區域]",55892e42-3ec8-47e7-baaf-21696ab936af,105年立法委員,賈伯楷,569600,0,393105,2000,92710,106,581075,84381,0,35390,41708,10000,17249,270086,0,19781
5508653c-4eb4-45ff-b4f7-2f916ab936af,"2016-01 > 立法委員 > 臺北市 > 第08選區[區域]",550c640c-d33c-4162-9d54-025cacb5b862,105年立法委員,賴士葆,10274980,10650000,5500000,400000,3500,3280,2612458,17549978,1868094,748000,2210149,100000,124273,1875034,0,0
5508664e-9d38-4996-8a32-35296ab936af,"2016-01 > 立法委員 > 高雄市 > 第09選區[區域]",550da53c-9df0-4a9d-90eb-126d6ab936af,105年立法委員,賴瑞隆,6638500,6569000,0,566000,21701,6006,3409400,10501798,200000,13801207,30000,975000,0,36643,0,308000
5508667d-d5c4-456b-bc38-2f916ab936af,"2016-01 > 立法委員 > 桃園市 > 第03選區[區域]",5511603a-89b4-433f-a079-12916ab936af,105年立法委員,賴立竹,625000,200000,0,0,0,0,711400,57449,0,0,0,0,13345,61632,0,0
55086722-1110-4726-985f-35296ab936af,"2016-01 > 立法委員 > 嘉義縣 > 第02選區[區域]",56586cc9-e5d8-41e4-9d5e-197f6ab936af,105年立法委員,賴競民,10000,0,0,0,0,0,0,10000,0,0,0,0,250,0,0,0
550865d1-7764-44a5-a4a2-23aa6ab936af,"2016-01 > 立法委員 > 臺中市 > 第07選區[區域]",55c60c4b-955c-494b-af75-42c86ab936af,105年立法委員,賴義鍠,10000,1500,1353,3012788,7300130,6327,0,308800,450300,0,0,0,132741,7423811,0,5500000
55086646-73b0-4839-860d-2f916ab936af,"2016-01 > 立法委員 > 高雄市 > 第07選區[區域]",550c640c-16f8-4bb8-9ce8-025cacb5b862,105年立法委員,趙天麟,22811174,11768000,741000,1202000,107200,4240,4161144,13681540,0,1115000,2548908,220000,590445,5380935,0,16946
55086688-8478-41a0-8d41-23aa6ab936af,"2016-01 > 立法委員 > 桃園市 > 第06選區[區域]",55b5f395-15fc-4f43-9400-7c046ab936af,105年立法委員,趙正宇,2050000,1500000,0,0,0,319,3550319,498500,0,400000,301000,0,234070,200000,0,0
55086520-1080-43fa-9dc6-23d86ab936af,"2016-01 > 立法委員 > 臺北市 > 第03選區[區域]",55180c20-d358-4fce-a26e-5d0e6ab936af,105年立法委員,趙燕傑,0,0,0,0,0,0,0,0,0,0,0,0,0,0,0,0
5508671d-d1a8-4678-aac9-35296ab936af,"2016-01 > 立法委員 > 嘉義縣 > 第01選區[區域]",550ce5fc-9e88-4d42-8838-126d6ab936af,105年立法委員,邱崑龍,2000,0,0,0,0,0,0,2000,0,0,0,0,0,1000,0,0
55086631-1928-4f9a-8a25-23d86ab936af,"2016-01 > 立法委員 > 高雄市 > 第02選區[區域]",550c640c-6e58-4dcd-a6d3-025cacb5b862,105年立法委員,邱志偉,16633768,21244000,0,715000,2084,8655,3644655,12991124,464010,38603507,2769023,910000,385592,1401558,0,386415
5508662d-7c8c-4b0c-a7f8-2f916ab936af,"2016-01 > 立法委員 > 高雄市 > 第01選區[區域]",550c640c-9100-4ac5-9cdd-025cacb5b862,105年立法委員,邱議瑩,11350834,12038000,0,1156000,0,3124,2158180,13737036,570740,1631505,1988180,450000,391244,1925427,0,5550
5508674e-222c-4e26-9fb6-35296ab936af,"2016-01 > 立法委員 > 宜蘭縣 > 第01選區[區域]",56582a2f-d6c4-402f-822b-197f6ab936af,105年立法委員,邱錫奎,565000,256000,0,0,11000,67,832067,0,0,0,0,0,0,0,0,0
5508669d-3f70-4828-8cf6-2f916ab936af,"2016-01 > 立法委員 > 新竹縣 > 第01選區[區域]",55181556-8920-423b-ae70-148d6ab936af,105年立法委員,邱靖雅,51000,20,8748070,5029611,29373,414230,5968813,41134,0,934192,0,0,0,12617353,0,0
55086798-c350-4d0c-a197-35296ab936af,"2016-01 > 立法委員 > 新竹市 > 第01選區[區域]",550d9fee-ddf0-44a8-9895-1b416ab936af,105年立法委員,邱顯智,7201359,1107921,200000,309000,655867,1624,2644620,5546329,220566,190531,602619,9530,349500,9475771,0,0
55086791-6560-42c7-9763-23aa6ab936af,"2016-01 > 立法委員 > 基隆市 > 第01選區[區域]",559f6cdb-dea0-4b24-be8d-4f766ab936af,105年立法委員,郝龍斌,2501800,8380000,8684655,275000,210000,1045,1098226,17538776,0,396000,2914910,0,0,210422,0,0
55086639-b968-414d-b79a-2f916ab936af,"2016-01 > 立法委員 > 高雄市 > 第04選區[區域]",55c62c8e-a51c-4ee1-8775-6e0c6ab936af,105年立法委員,郭倫豪,21800,487,1051150,5735287,0,506020,0,701990,0,0,1828408,0,1331186,6888041,0,5500000
5508674e-222c-4e26-9fb6-35296ab936af,"2016-01 > 立法委員 > 宜蘭縣 > 第01選區[區域]",56582a64-5470-4e81-af8e-19786ab936af,105年立法委員,郭儒釗,0,0,200000,0,0,0,0,0,0,0,0,0,200000,0,200000,0
550865fa-5380-4c6f-948e-2f916ab936af,"2016-01 > 立法委員 > 臺南市 > 第03選區[區域]",561364e6-17d4-4166-a46a-647c6ab936af,105年立法委員,鄧秀寶,500,0,0,0,0,0,0,0,0,0,0,0,500,960,0,0
55086681-7334-49b4-b22b-23d86ab936af,"2016-01 > 立法委員 > 桃園市 > 第04選區[區域]",55b5f324-2788-43c3-a1c5-304c6ab936af,105年立法委員,鄭寶清,8101516,3151000,950000,130000,405067,1021,4900305,6470274,892402,52286,836000,935426,12738604,4206286,0,465910
55086688-8478-41a0-8d41-23aa6ab936af,"2016-01 > 立法委員 > 桃園市 > 第06選區[區域]",55b79380-9b7c-4aa8-97e6-39d16ab936af,105年立法委員,鄭振源,0,0,0,0,0,0,0,0,0,0,0,0,0,0,0,0
55086531-af74-431e-b54e-35296ab936af,"2016-01 > 立法委員 > 臺北市 > 第06選區[區域]",56593880-cbd8-4f96-8d8b-197f6ab936af,105年立法委員,鄭村棋,9800,498300,182436,0,91762,4930,9405,221821,0,20000,0,0,0,510354,0,0
55086798-c350-4d0c-a197-35296ab936af,"2016-01 > 立法委員 > 新竹市 > 第01選區[區域]",5511611a-1590-492a-8759-0c5a6ab936af,105年立法委員,鄭正鈐,4524500,2246000,5000000,105000,26500,782,7320000,5022140,0,3239981,0,0,628862,1547869,0,111328
5508669d-3f70-4828-8cf6-2f916ab936af,"2016-01 > 立法委員 > 新竹縣 > 第01選區[區域]",55b3b4a7-ac88-4359-bd90-304f6ab936af,105年立法委員,鄭永金,111,0,0,4468116,4239607,110000,0,175200,11334,260000,0,0,0,4686141,0,0
550866da-da04-4b8d-9a4a-28956ab936af,"2016-01 > 立法委員 > 彰化縣 > 第03選區[區域]",550c640c-4420-42ca-be67-025cacb5b862,105年立法委員,鄭汝芬,5805600,3524000,7000000,300000,0,1239,16630839,792940,316400,0,1879575,212000,137000,1659309,0,0
55086674-8224-431b-be41-35296ab936af,"2016-01 > 立法委員 > 桃園市 > 第01選區[區域]",55b5f297-faf8-48f4-abd3-30506ab936af,105年立法委員,鄭運鵬,330000,17000,567,8581912,251793,322848,14278367,2052728,767943,800000,0,0,46055,18135165,0,0
5508673b-c30c-4046-b480-23d86ab936af,"2016-01 > 立法委員 > 屏東縣 > 第02選區[區域]",550ce7a5-3ac4-4035-a46b-084b6ab936af,105年立法委員,鍾佳濱,15165253,5430350,0,342000,101221,2340,2257933,13934092,421300,21041164,1157795,502000,280339,1988894,0,125050
550865bd-8c00-42f3-9191-2f916ab936af,"2016-01 > 立法委員 > 臺中市 > 第02選區[區域]",55c19cee-bddc-48a0-844f-44f16ab936af,105年立法委員,鍾文龍,5000,0,0,0,0,0,0,0,0,0,0,0,200000,0,5000,0
5508662d-7c8c-4b0c-a7f8-2f916ab936af,"2016-01 > 立法委員 > 高雄市 > 第01選區[區域]",55a6998a-1ba0-4268-8aca-0e3c6ab936af,105年立法委員,鍾易仲,2035000,2490000,11800000,30000,11000,1803,2659204,9900156,16367803,87300,678805,170000,633383,2388564,0,0
550865bd-8c00-42f3-9191-2f916ab936af,"2016-01 > 立法委員 > 臺中市 > 第02選區[區域]",550ce447-6be4-45d8-9380-126d6ab936af,105年立法委員,陳世凱,11525800,7530000,0,100000,28583,225,3055240,10787580,198891,19184608,2226971,425000,425892,2120194,0,161072
550865fa-5380-4c6f-948e-2f916ab936af,"2016-01 > 立法委員 > 臺南市 > 第03選區[區域]",550c640c-b798-485e-91dc-025cacb5b862,105年立法委員,陳亭妃,16730101,11275990,0,10000,70700,1069,4322750,10851552,157870,650400,764775,1030000,481303,1713122,0,1597170
55086679-5f0c-4c5b-acf0-2f916ab936af,"2016-01 > 立法委員 > 桃園市 > 第02選區[區域]",55b5f435-1874-4aaa-bdbc-7c046ab936af,105年立法委員,陳佩俞,28000,0,0,0,300,4,0,28304,0,0,0,0,0,200000,0,0
5508667d-d5c4-456b-bc38-2f916ab936af,"2016-01 > 立法委員 > 桃園市 > 第03選區[區域]",56136477-e7bc-451f-8396-64046ab936af,105年立法委員,陳宏瑞,61000,150000,0,48000,41,1717041,652500,1874094,0,342459,6758,0,178044,0,0,3111855
55086531-af74-431e-b54e-35296ab936af,"2016-01 > 立法委員 > 臺北市 > 第06選區[區域]",558cc8e3-d550-4a26-967e-42556ab936af,105年立法委員,陳家宏,142100,0,0,0,1220,42,143362,0,0,0,0,0,200000,0,1610,0
55086526-97a0-4c1e-be70-28956ab936af,"2016-01 > 立法委員 > 臺北市 > 第04選區[區域]",558d4a26-4508-4f6d-aefa-111d6ab936af,105年立法委員,陳尚志,2524165,170000,0,0,174767,344,620164,719099,20169,867225,36250,0,193918,407286,0,7726
5508676d-2164-4cbb-8762-35296ab936af,"2016-01 > 立法委員 > 臺東縣 > 第01選區[區域]",551161a1-af40-4f0d-805f-17a06ab936af,105年立法委員,陳建閣,1708600,1698800,5500000,6000,16000,3203,1504100,4082257,257379,396000,528565,0,163066,1096656,0,1045470
550866d2-1e30-4067-bdb0-23aa6ab936af,"2016-01 > 立法委員 > 彰化縣 > 第01選區[區域]",55183b36-9898-4628-a86a-12916ab936af,105年立法委員,陳文彬,106000,2502,811,7531246,13876594,115749,59427,1949014,466913,1262974,0,0,112900,16803664,0,0
55086722-1110-4726-985f-35296ab936af,"2016-01 > 立法委員 > 嘉義縣 > 第02選區[區域]",550c640c-7d94-4c79-b1dc-025cacb5b862,105年立法委員,陳明文,7664046,6516000,475000,200000,110000,4270,14969316,834800,463109,80000,2086549,0,247370,1196634,0,525660
550866da-da04-4b8d-9a4a-28956ab936af,"2016-01 > 立法委員 > 彰化縣 > 第03選區[區域]",55af6deb-84b8-4da8-9548-078c6ab936af,105年立法委員,陳朝容,505000,1140000,2000000,0,3000,443,1473100,1269580,0,54400,166000,0,64269,624423,0,0
55086674-8224-431b-be41-35296ab936af,"2016-01 > 立法委員 > 桃園市 > 第01選區[區域]",550c640c-ff38-4f05-a01c-025cacb5b862,105年立法委員,陳根德,10547100,7508000,5000000,262000,0,1120,3458660,13825612,786075,2293123,1294344,458196,3816020,1032000,0,719230
5508674e-222c-4e26-9fb6-35296ab936af,"2016-01 > 立法委員 > 宜蘭縣 > 第01選區[區域]",550c640c-d154-492e-9d5b-025cacb5b862,105年立法委員,陳歐珀,10085600,6223000,0,6000,501,3531300,4884443,16775101,95875,8433466,330616,850000,628712,100000,460000,0
55086597-23e4-4544-8b80-23aa6ab936af,"2016-01 > 立法委員 > 新北市 > 第11選區[區域]",55b37b52-0be8-4ecc-a293-676c6ab936af,105年立法委員,陳永福,3946000,210000,0,250,4812209,150461,172725,0,315998,572000,0,7580903,0,7531750,0,0
5508659d-b768-4da9-bcad-28956ab936af,"2016-01 > 立法委員 > 新北市 > 第12選區[區域]",560024fd-cf1c-491f-be40-461f6ab936af,105年立法委員,陳永順,0,0,7620,14,467347,0,0,16514,1003334,266917,0,1016799,0,0,0,0
55086600-5d6c-4c70-b17e-23aa6ab936af,"2016-01 > 立法委員 > 臺南市 > 第04選區[區域]",55c60169-51a4-4e12-85ac-6e0c6ab936af,105年立法委員,陳淑慧,1569230,1680000,13500000,100000,24597,35,5504814,8064945,16873862,0,587058,50000,116600,2906840,0,61410
550867ac-19a8-41ea-bae7-28956ab936af,"2016-01 > 立法委員 > 金門縣 > 第01選區[區域]",55ad06f9-a354-41e0-94fd-676c6ab936af,105年立法委員,陳滄江,100000,64503,278,2567074,0,2492635,0,211560,6391,0,0,0,0,2710586,0,0
55086422-2e64-4827-9712-23d86ab936af,"2016-01 > 立法委員 > 全國[平原]",55d81708-3b2c-4c5e-8493-77346ab936af,105年立法委員,陳瑩,4314600,3070000,3334500,470000,0,1530,8420960,1694245,418430,1169125,388142,96607,553121,200000,0,108230
55086567-f3cc-4685-95b3-28956ab936af,"2016-01 > 立法委員 > 新北市 > 第04選區[區域]",550c640c-f848-426d-b1f7-025cacb5b862,105年立法委員,陳茂嘉,800000,7000000,0,5200,85,8055285,305280,3798770,2507261,336035,41343,0,1012937,0,0,8055626
550866b4-7140-4a51-bea1-23aa6ab936af,"2016-01 > 立法委員 > 苗栗縣 > 第01選區[區域]",550c640c-6f2c-45b4-953f-025cacb5b862,105年立法委員,陳超明,9468000,13320000,6000000,680000,33200,1603,6860675,12868644,301690,70900,4454881,100000,966928,3042572,0,1035155
5508677e-0984-4ddb-9f47-2f916ab936af,"2016-01 > 立法委員 > 澎湖縣 > 第01選區[區域]",55b3b191-d230-4236-93d3-304c6ab936af,105年立法委員,陳雙全,760000,1100000,5500000,300000,0,1132,2654700,3658965,234371,189500,857922,20900,350000,7661132,0,0
550867a9-c568-41b7-9ea7-23d86ab936af,"2016-01 > 立法委員 > 連江縣 > 第01選區[區域]",550c640c-e4e8-49b7-974d-025cacb5b862,105年立法委員,陳雪生,160000,1150000,5500000,0,0,2273,6812273,3135816,1500000,679945,401555,0,1497829,0,418500,146700
550865c5-40c4-4388-bf7c-28956ab936af,"2016-01 > 立法委員 > 臺中市 > 第04選區[區域]",550ce48d-9b54-439f-ba3d-08496ab936af,105年立法委員,顏惠莉,3000,0,0,0,0,0,87500,205500,3000,0,0,0,0,0,0,0
550865b9-edc4-435c-9c17-35296ab936af,"2016-01 > 立法委員 > 臺中市 > 第01選區[區域]",55c5feb0-e804-4ffb-a2ce-44f36ab936af,105年立法委員,顏秋月,0,7000000,441360,0,960600,584,8402544,696700,105389,12000,68800,0,107720,917237,0,219000
550866f1-acb4-4b5d-a8ee-35296ab936af,"2016-01 > 立法委員 > 南投縣 > 第01選區[區域]",550c640c-c570-4434-836b-025cacb5b862,105年立法委員,馬文君,4178000,6823000,5000000,385600,36500,3113,206675,82645,702097,520000,16426213,0,1278236,130612,0,240300
550867ac-19a8-41ea-bae7-28956ab936af,"2016-01 > 立法委員 > 金門縣 > 第01選區[區域]",55181581-62c8-409f-8aa0-148d6ab936af,105年立法委員,高丹樺,0,0,4000,56,273600,0,0,626044,152759,334090,0,994819,0,0,0,0
55086561-d694-4667-9d94-2f916ab936af,"2016-01 > 立法委員 > 新北市 > 第03選區[區域]",550c640c-85f8-4f5d-a9d7-025cacb5b862,105年立法委員,高志鵬,15821169,11318000,475000,950000,92690,2088,3462715,13611870,259000,229250,641182,400000,83847,1359424,0,309760
5508641c-f4e0-4b63-8354-28956ab936af,"2016-01 > 立法委員 > 全國[山原]",550c640c-0a20-46fb-80a7-025cacb5b862,105年立法委員,高金素梅,300000,1500000,0,0,7000,31,686100,658920,72000,0,0,0,366817,0,61183,0
55086798-c350-4d0c-a197-35296ab936af,"2016-01 > 立法委員 > 新竹市 > 第01選區[區域]",55b793b3-d968-4e54-b4e6-318f6ab936af,105年立法委員,魏揚,1000,0,200000,0,0,0,0,0,0,0,0,0,202000,0,201000,0
550865c1-cb30-4196-ad83-2f916ab936af,"2016-01 > 立法委員 > 臺中市 > 第03選區[區域]",55b793ce-de08-46c5-85bc-318c6ab936af,105年立法委員,黃信吉,0,21,195000,103082,0,0,14445,23012,272795,0,0,0,10230,618564,0,480000
550865f4-baf8-4cae-88be-2f916ab936af,"2016-01 > 立法委員 > 臺南市 > 第02選區[區域]",550c640c-1d0c-43de-a054-025cacb5b862,105年立法委員,黃偉哲,9926989,3218000,47500,800000,19000,893,1493300,9058255,281045,122360,288600,700000,78850,1955536,0,411320
5508659d-b768-4da9-bcad-28956ab936af,"2016-01 > 立法委員 > 新北市 > 第12選區[區域]",553fb88a-fa84-4572-88e3-698f6ab936af,105年立法委員,黃國昌,25169857,4925000,0,450000,2438284,2867,32986008,4019345,1172573,1600003,2809427,471942,3420478,1350000,0,102475
550865cd-a8c4-4255-8543-23d86ab936af,"2016-01 > 立法委員 > 臺中市 > 第06選區[區域]",550ce4a5-05b4-4fbc-a619-084b6ab936af,105年立法委員,黃國書,23972666,8943500,0,501000,0,5199,3873155,10228370,87000,558400,193443,50000,33422365,3293448,0,70050
5508657a-53cc-46a9-9e9a-23d86ab936af,"2016-01 > 立法委員 > 新北市 > 第05選區[區域]",550c640c-cb78-40fa-836c-025cacb5b862,105年立法委員,黃志雄,6150700,3351500,8000000,150000,23600,1820,1957741,11446080,207550,17677620,1387960,0,90362,2392074,0,172338
550865f4-baf8-4cae-88be-2f916ab936af,"2016-01 > 立法委員 > 臺南市 > 第02選區[區域]",56540f99-eb64-4d01-996c-0ed66ab936af,105年立法委員,黃憲清,7200,0,0,200000,0,0,207200,25000,0,0,0,0,0,200000,0,0
5508673e-6194-4ecd-9f2c-23d86ab936af,"2016-01 > 立法委員 > 屏東縣 > 第03選區[區域]",55d2c2d4-c6e4-4290-9b3f-77406ab936af,105年立法委員,黃昭展,1852000,250000,0,0,8000,8,2110008,439700,776348,243479,623799,0,299523,0,57980,0
55086642-d6e4-4641-a71d-2f916ab936af,"2016-01 > 立法委員 > 高雄市 > 第06選區[區域]",555b4e7b-2608-4072-aaa9-5a2e6ab936af,105年立法委員,黃柏霖,5282400,3175000,5800000,340000,4000,1,4526602,9301185,428000,14601401,1783351,0,99387,1486976,0,0
55086798-c350-4d0c-a197-35296ab936af,"2016-01 > 立法委員 > 新竹市 > 第01選區[區域]",551051e4-764c-45a2-b55b-12916ab936af,105年立法委員,黃源甫,300000,16888,0,0,1,0,122000,359865,0,316889,19138,0,8413,279892,0,0
550866b4-7140-4a51-bea1-23aa6ab936af,"2016-01 > 立法委員 > 苗栗縣 > 第01選區[區域]",565432ce-9264-4d5b-8c1d-19786ab936af,105年立法委員,黃玉燕,0,0,0,0,0,0,0,0,0,0,0,0,0,0,0,0
55086526-97a0-4c1e-be70-28956ab936af,"2016-01 > 立法委員 > 臺北市 > 第04選區[區域]",555ab97a-c0e0-4379-a550-5a316ab936af,105年立法委員,黃珊珊,10011258,8796000,3000000,100000,0,3971,6214646,8168889,21911229,525904,782355,1084000,397828,3389423,0,21106
550865f0-d50c-40e9-bffa-28956ab936af,"2016-01 > 立法委員 > 臺南市 > 第01選區[區域]",55b7b4e4-fb4c-4e6d-aca9-318f6ab936af,105年立法委員,黃瑞坤,246280,0,5500000,0,500,666,2916790,2468900,160800,135000,131900,0,135584,376031,0,0
5508664a-6e84-44b5-914a-2f916ab936af,"2016-01 > 立法委員 > 高雄市 > 第08選區[區域]",555b4eeb-e398-47bb-8864-7d4e6ab936af,105年立法委員,黃璽文,717000,2600000,5500000,0,4000,63,2100410,4433749,0,894985,152835,293398,775179,500000,0,0
550866d6-c960-4d76-b09d-28956ab936af,"2016-01 > 立法委員 > 彰化縣 > 第02選區[區域]",550ce4d3-ddd8-43f3-84c4-126d6ab936af,105年立法委員,黃秀芳,350000,11040,287,7209223,1136893,13442557,188000,1228605,296567,310000,0,0,29740,13638700,0,0
550865f4-baf8-4cae-88be-2f916ab936af,"2016-01 > 立法委員 > 臺南市 > 第02選區[區域]",55b7b4fd-fb88-4109-b790-39d16ab936af,105年立法委員,黃耀盛,0,592,2032210,1663577,5766442,180245,85000,1229930,1162323,0,0,0,266960,6845008,0,5500000
550865b9-edc4-435c-9c17-35296ab936af,"2016-01 > 立法委員 > 臺中市 > 第01選區[區域]",56593a75-954c-42e8-ba50-0ed66ab936af,105年立法委員,黃金推,0,0,0,0,0,0,0,0,0,0,0,200000,0,0,0,0
5508657f-3cdc-45ef-bf71-23aa6ab936af,"2016-01 > 立法委員 > 新北市 > 第06選區[區域]",55b79337-26a8-41d0-b6be-318f6ab936af,105年立法委員,黃鈞民,21000,15000,200000,0,0,5,0,236005,0,0,0,15000,2551,229569,0,0
55086631-1928-4f9a-8a25-23d86ab936af,"2016-01 > 立法委員 > 高雄市 > 第02選區[區域]",55a699a5-5804-469a-8b6d-1b8e6ab936af,105年立法委員,黃韻涵,1590700,3146000,5500000,2000,2000,324,1005985,9238618,10241024,0,224000,0,186395,151636,0,0
55086520-1080-43fa-9dc6-23d86ab936af,"2016-01 > 立法委員 > 臺北市 > 第03選區[區域]",551809dd-5a48-4ac6-885b-148d6ab936af,105年立法委員,黃麗香,14000,0,0,12000,0,0,0,26000,0,0,0,0,0,0,0,0
55086531-af74-431e-b54e-35296ab936af,"2016-01 > 立法委員 > 臺北市 > 第06選區[區域]",55afccb6-c4a8-4b52-b6b9-09286ab936af,105年立法委員,龎維良,513000,170000,0,0,16500,65,432000,406567,0,699565,0,20000,0,24750,0,0
5508652b-cb04-46ec-91d6-23d86ab936af,"2016-01 > 立法委員 > 臺北市 > 第05選區[區域]",55180c0e-3bb4-4939-a3a1-17a06ab936af,105年立法委員,龔偉綸,104500,0,0,0,0,0,104500,104500,0,0,0,0,0,0,0,0
